id,name,type1,total,hp,attack,defense,sp_attack,sp_defense,speed,generation,legendary
1,Bulbasaur,Grass,318,45,49,49,65,65,45,1,FALSE
2,Ivysaur,Grass,405,60,62,63,80,80,60,1,FALSE
3,Venusaur,Grass,525,80,82,83,100,100,80,1,FALSE
4,Mega Venusaur,Grass,625,80,100,123,122,120,80,1,FALSE
5,Gigantamax Venusaur,Grass,525,80,82,83,100,100,80,1,FALSE
6,Charmander,Fire,309,39,52,43,60,50,65,1,FALSE
7,Charmeleon,Fire,405,58,64,58,80,65,80,1,FALSE
8,Charizard,Fire,534,78,84,78,109,85,100,1,FALSE
9,Mega Charizard X,Fire,634,78,130,111,130,85,100,1,FALSE
10,Mega Charizard Y,Fire,634,78,104,78,159,115,100,1,FALSE
11,Gigantamax Charizard,Fire,534,78,84,78,109,85,100,1,FALSE
12,Squirtle,Water,314,44,48,65,50,64,43,1,FALSE
13,Wartortle,Water,405,59,63,80,65,80,58,1,FALSE
14,Blastoise,Water,530,79,83,100,85,105,78,1,FALSE
15,Mega Blastoise,Water,630,79,103,120,135,115,78,1,FALSE
16,Gigantamax Blasoise,Blastoise,530,79,83,100,85,105,78,1,FALSE
17,Caterpie,Bug,195,45,30,35,20,20,45,1,FALSE
18,Metapod,Bug,205,50,20,55,25,25,30,1,FALSE
19,Butterfree,Bug,395,60,45,50,90,80,70,1,FALSE
20,Gigantamax Butterfree,Bug,395,60,45,50,90,80,70,1,FALSE
21,Weedle,Bug,195,40,35,30,20,20,50,1,FALSE
22,Kakuna,Bug,205,45,25,50,25,25,35,1,FALSE
23,Beedrill,Bug,395,65,90,40,45,80,75,1,FALSE
24,Mega Beedrill,Bug,495,65,150,40,15,80,145,1,FALSE
25,Pidgey,Normal,251,40,45,40,35,35,56,1,FALSE
26,Pidgeotto,Normal,349,63,60,55,50,50,71,1,FALSE
27,Pidgeot,Normal,479,83,80,75,70,70,101,1,FALSE
28,Mega Pidgeot,Normal,579,83,80,80,135,80,121,1,FALSE
29,Rattata,Normal,253,30,56,35,25,35,72,1,FALSE
30,Alolan Rattata,Dark,253,30,56,35,25,35,72,7,FALSE
31,Raticate,Normal,413,55,81,60,50,70,97,1,FALSE
32,Alolan Raticate,Dark,413,75,71,70,40,80,77,7,FALSE
33,Spearow,Normal,262,40,60,30,31,31,70,1,FALSE
34,Fearow,Normal,442,65,90,65,61,61,100,1,FALSE
35,Ekans,Poison,288,35,60,44,40,54,55,1,FALSE
36,Arbok,Poison,438,60,85,69,65,79,80,1,FALSE
37,Pikachu,Electric,320,35,55,40,50,50,90,1,FALSE
38,Gigantamax Pikachu,Electric,320,35,55,40,50,50,90,1,FALSE
39,Raichu,Electric,485,60,90,55,90,80,110,1,FALSE
40,Alolan Raichu,Electric,485,60,85,50,95,85,110,7,FALSE
41,Sandshrew,Ground,300,50,75,85,20,30,40,1,FALSE
42,Alolan Sandshrew,Ice,300,50,75,90,10,35,40,7,FALSE
43,Sandslash,Ground,450,75,100,110,45,55,65,1,FALSE
44,Alolan Sandslash,Ice,450,75,100,120,25,65,65,7,FALSE
45,Nidoran♀,Poison,275,55,47,52,40,40,41,1,FALSE
46,Nidorina,Poison,365,70,62,67,55,55,56,1,FALSE
47,Nidoqueen,Poison,505,90,92,87,75,85,76,1,FALSE
48,Nidoran♂,Poison,273,46,57,40,40,40,50,1,FALSE
49,Nidorino,Poison,365,61,72,57,55,55,65,1,FALSE
50,Nidoking,Poison,505,81,102,77,85,75,85,1,FALSE
51,Clefairy,Fairy,323,70,45,48,60,65,35,1,FALSE
52,Clefable,Fairy,483,95,70,73,95,90,60,1,FALSE
53,Vulpix,Fire,299,38,41,40,50,65,65,1,FALSE
54,Alolan Vulpix,Ice,299,38,41,40,50,65,65,7,FALSE
55,Ninetales,Fire,505,73,76,75,81,100,100,1,FALSE
56,Alolan Ninetales,Ice,505,73,67,75,81,100,109,7,FALSE
57,Jigglypuff,Normal,270,115,45,20,45,25,20,1,FALSE
58,Wigglytuff,Normal,435,140,70,45,85,50,45,1,FALSE
59,Zubat,Poison,245,40,45,35,30,40,55,1,FALSE
60,Golbat,Poison,455,75,80,70,65,75,90,1,FALSE
61,Oddish,Grass,320,45,50,55,75,65,30,1,FALSE
62,Gloom,Grass,395,60,65,70,85,75,40,1,FALSE
63,Vileplume,Grass,490,75,80,85,110,90,50,1,FALSE
64,Paras,Bug,285,35,70,55,45,55,25,1,FALSE
65,Parasect,Bug,405,60,95,80,60,80,30,1,FALSE
66,Venonat,Bug,305,60,55,50,40,55,45,1,FALSE
67,Venomoth,Bug,450,70,65,60,90,75,90,1,FALSE
68,Diglett,Ground,265,10,55,25,35,45,95,1,FALSE
69,Alolan Diglett,Ground,265,10,55,30,35,45,90,7,FALSE
70,Dugtrio,Ground,405,35,80,50,50,70,120,1,FALSE
71,Alolan Dugtrio,Ground,425,35,100,60,50,70,110,7,FALSE
72,Meowth,Normal,290,40,45,35,40,40,90,1,FALSE
73,Gigantamax Meowth,Normal,290,40,45,35,40,40,90,1,FALSE
74,Alolan Meowth,Dark,290,40,35,35,50,40,90,7,FALSE
75,Galarian Meowth,Steel,290,50,65,55,40,40,40,8,FALSE
76,Persian,Normal,440,65,70,60,65,65,115,1,FALSE
77,Alolan Persian,Dark,440,65,60,60,75,65,115,7,FALSE
78,Psyduck,Water,320,50,52,48,65,50,55,1,FALSE
79,Golduck,Water,500,80,82,78,95,80,85,1,FALSE
80,Mankey,Fighting,305,40,80,35,35,45,70,1,FALSE
81,Primeape,Fighting,455,65,105,60,60,70,95,1,FALSE
82,Growlithe,Fire,350,55,70,45,70,50,60,1,FALSE
83,Arcanine,Fire,555,90,110,80,100,80,95,1,FALSE
84,Poliwag,Water,300,40,50,40,40,40,90,1,FALSE
85,Poliwhirl,Water,385,65,65,65,50,50,90,1,FALSE
86,Poliwrath,Water,510,90,95,95,70,90,70,1,FALSE
87,Abra,Psychic,310,25,20,15,105,55,90,1,FALSE
88,Kadabra,Psychic,400,40,35,30,120,70,105,1,FALSE
89,Alakazam,Psychic,500,55,50,45,135,95,120,1,FALSE
90,Mega Alakazam,Psychic,590,55,50,65,175,95,150,1,FALSE
91,Machop,Fighting,305,70,80,50,35,35,35,1,FALSE
92,Machoke,Fighting,405,80,100,70,50,60,45,1,FALSE
93,Machamp,Fighting,505,90,130,80,65,85,55,1,FALSE
94,Gigantamax Machamp,Fighting,505,90,130,80,65,85,55,1,FALSE
95,Bellsprout,Grass,300,50,75,35,70,30,40,1,FALSE
96,Weepinbell,Grass,390,65,90,50,85,45,55,1,FALSE
97,Victreebel,Grass,490,80,105,65,100,70,70,1,FALSE
98,Tentacool,Water,335,40,40,35,50,100,70,1,FALSE
99,Tentacruel,Water,515,80,70,65,80,120,100,1,FALSE
100,Geodude,Rock,300,40,80,100,30,30,20,1,FALSE
101,Alolan Geodude,Rock,300,40,80,100,30,30,20,7,FALSE
102,Graveler,Rock,390,55,95,115,45,45,35,1,FALSE
103,Alolan Graveler,Rock,390,55,95,115,45,45,35,7,FALSE
104,Golem,Rock,495,80,120,130,55,65,45,1,FALSE
105,Alolan Golem,Rock,495,80,120,130,55,65,45,7,FALSE
106,Ponyta,Fire,410,50,85,55,65,65,90,1,FALSE
107,Galarian Ponyta,Psychic,410,50,85,55,65,65,90,8,FALSE
108,Rapidash,Fire,500,65,100,70,80,80,105,1,FALSE
109,Galarian Rapidash,Psychic,500,65,100,70,80,80,105,8,FALSE
110,Slowpoke,Water,315,90,65,65,40,40,15,1,FALSE
111,Galarian Slowpoke,Psychic,315,90,65,65,40,40,15,8,FALSE
112,Slowbro,Water,490,95,75,110,100,80,30,1,FALSE
113,Galarian Slowbro,Poison,490,95,100,95,100,70,30,8,FALSE
114,Mega Slowbro,Water,590,95,75,180,130,80,30,1,FALSE
115,Magnemite,Electric,325,25,35,70,95,55,45,1,FALSE
116,Magneton,Electric,465,50,60,95,120,70,70,1,FALSE
117,Farfetch'd,Normal,352,52,90,55,58,62,60,1,FALSE
118,Galarian Farfetched,Fighting,377,52,95,55,58,62,55,8,FALSE
119,Doduo,Normal,310,35,85,45,35,35,75,1,FALSE
120,Dodrio,Normal,460,60,110,70,60,60,100,1,FALSE
121,Seel,Water,325,65,45,55,45,70,45,1,FALSE
122,Dewgong,Water,475,90,70,80,70,95,70,1,FALSE
123,Grimer,Poison,325,80,80,50,40,50,25,1,FALSE
124,Alolan Grimer,Poison,325,80,80,50,40,50,25,7,FALSE
125,Muk,Poison,500,105,105,75,65,100,50,1,FALSE
126,Alolan Muk,Poison,500,105,105,75,65,100,50,7,FALSE
127,Shellder,Water,305,30,65,100,45,25,40,1,FALSE
128,Cloyster,Water,525,50,95,180,85,45,70,1,FALSE
129,Gastly,Ghost,310,30,35,30,100,35,80,1,FALSE
130,Haunter,Ghost,405,45,50,45,115,55,95,1,FALSE
131,Gengar,Ghost,500,60,65,60,130,75,110,1,FALSE
132,Mega Gengar,Ghost,600,60,65,80,170,95,130,1,FALSE
133,Gigantamax Gengar,Ghost,500,60,65,60,130,75,110,1,FALSE
134,Onix,Rock,385,35,45,160,30,45,70,1,FALSE
135,Drowzee,Psychic,328,60,48,45,43,90,42,1,FALSE
136,Hypno,Psychic,483,85,73,70,73,115,67,1,FALSE
137,Krabby,Water,325,30,105,90,25,25,50,1,FALSE
138,Kingler,Water,475,55,130,115,50,50,75,1,FALSE
139,Gigantamax Kingler,Water,475,55,130,115,50,50,75,1,FALSE
140,Voltorb,Electric,330,40,30,50,55,55,100,1,FALSE
141,Electrode,Electric,480,60,50,70,80,80,140,1,FALSE
142,Exeggcute,Grass,325,60,40,80,60,45,40,1,FALSE
143,Exeggutor,Grass,520,95,95,85,125,65,55,1,FALSE
144,Alolan Exeggutor,Grass,530,95,105,85,125,75,45,7,FALSE
145,Cubone,Ground,320,50,50,95,40,50,35,1,FALSE
146,Marowak,Ground,425,60,80,110,50,80,45,1,FALSE
147,Alolan Marowak,Fire,425,60,80,110,50,80,45,7,FALSE
148,Hitmonlee,Fighting,455,50,120,53,35,110,87,1,FALSE
149,Hitmonchan,Fighting,455,50,105,79,35,110,76,1,FALSE
150,Lickitung,Normal,385,90,55,75,60,75,30,1,FALSE
151,Koffing,Poison,340,40,65,95,60,45,35,1,FALSE
152,Weezing,Poison,490,65,90,120,85,70,60,1,FALSE
153,Galarian Weezing,Poison,490,65,90,120,85,70,60,8,FALSE
154,Rhyhorn,Ground,345,80,85,95,30,30,25,1,FALSE
155,Rhydon,Ground,485,105,130,120,45,45,40,1,FALSE
156,Chansey,Normal,450,250,5,5,35,105,50,1,FALSE
157,Tangela,Grass,435,65,55,115,100,40,60,1,FALSE
158,Kangaskhan,Normal,490,105,95,80,40,80,90,1,FALSE
159,Mega Kangaskhan,Normal,590,105,125,100,60,100,100,1,FALSE
160,Horsea,Water,295,30,40,70,70,25,60,1,FALSE
161,Seadra,Water,440,55,65,95,95,45,85,1,FALSE
162,Goldeen,Water,320,45,67,60,35,50,63,1,FALSE
163,Seaking,Water,450,80,92,65,65,80,68,1,FALSE
164,Staryu,Water,340,30,45,55,70,55,85,1,FALSE
165,Starmie,Water,520,60,75,85,100,85,115,1,FALSE
166,Mr. Mime,Psychic,460,40,45,65,100,120,90,1,FALSE
167,Galarian Mr. Mime,Ice,460,50,65,65,90,90,100,8,FALSE
168,Scyther,Bug,500,70,110,80,55,80,105,1,FALSE
169,Jynx,Ice,455,65,50,35,115,95,95,1,FALSE
170,Electabuzz,Electric,490,65,83,57,95,85,105,1,FALSE
171,Magmar,Fire,495,65,95,57,100,85,93,1,FALSE
172,Pinsir,Bug,500,65,125,100,55,70,85,1,FALSE
173,Mega Pinsir,Bug,600,65,155,120,65,90,105,1,FALSE
174,Tauros,Normal,490,75,100,95,40,70,110,1,FALSE
175,Magikarp,Water,200,20,10,55,15,20,80,1,FALSE
176,Gyarados,Water,540,95,125,79,60,100,81,1,FALSE
177,Mega Gyarados,Water,640,95,155,109,70,130,81,1,FALSE
178,Lapras,Water,535,130,85,80,85,95,60,1,FALSE
179,Gigantamax Lapras,Water,535,130,85,80,85,95,60,1,FALSE
180,Ditto,Normal,288,48,48,48,48,48,48,1,FALSE
181,Eevee,Normal,325,55,55,50,45,65,55,1,FALSE
182,Gigantamax Eevee,Normal,325,55,55,50,45,65,55,1,FALSE
183,Vaporeon,Water,525,130,65,60,110,95,65,1,FALSE
184,Jolteon,Electric,525,65,65,60,110,95,130,1,FALSE
185,Flareon,Fire,525,65,130,60,95,110,65,1,FALSE
186,Porygon,Normal,395,65,60,70,85,75,40,1,FALSE
187,Omanyte,Rock,355,35,40,100,90,55,35,1,FALSE
188,Omastar,Rock,495,70,60,125,115,70,55,1,FALSE
189,Kabuto,Rock,355,30,80,90,55,45,55,1,FALSE
190,Kabutops,Rock,495,60,115,105,65,70,80,1,FALSE
191,Aerodactyl,Rock,515,80,105,65,60,75,130,1,FALSE
192,Mega Aerodactyl,Rock,615,80,135,85,70,95,150,1,FALSE
193,Snorlax,Normal,540,160,110,65,65,110,30,1,FALSE
194,Gigantamax Snorlax,Normal,540,160,110,65,65,110,30,1,FALSE
195,Articuno,Ice,580,90,85,100,95,125,85,1,TRUE
196,Galarian Articuno,Psychic,580,90,85,85,125,100,95,8,TRUE
197,Zapdos,Electric,580,90,90,85,125,90,100,1,TRUE
198,Galarian Zapdos,Fighting,580,90,125,90,85,90,100,8,TRUE
199,Moltres,Fire,580,90,100,90,125,85,90,1,TRUE
200,Galarian Moltres,Dark,580,90,85,90,100,125,90,8,TRUE
201,Dratini,Dragon,300,41,64,45,50,50,50,1,FALSE
202,Dragonair,Dragon,420,61,84,65,70,70,70,1,FALSE
203,Dragonite,Dragon,600,91,134,95,100,100,80,1,FALSE
204,Mewtwo,Psychic,680,106,110,90,154,90,130,1,TRUE
205,Mega Mewtwo X,Psychic,780,106,190,100,154,100,130,1,TRUE
206,Mega Mewtwo Y,Psychic,780,106,150,70,194,120,140,1,TRUE
207,Mew,Psychic,600,100,100,100,100,100,100,1,TRUE
208,Chikorita,Grass,318,45,49,65,49,65,45,2,FALSE
209,Bayleef,Grass,405,60,62,80,63,80,60,2,FALSE
210,Meganium,Grass,525,80,82,100,83,100,80,2,FALSE
211,Cyndaquil,Fire,309,39,52,43,60,50,65,2,FALSE
212,Quilava,Fire,405,58,64,58,80,65,80,2,FALSE
213,Typhlosion,Fire,534,78,84,78,109,85,100,2,FALSE
214,Totodile,Water,314,50,65,64,44,48,43,2,FALSE
215,Croconaw,Water,405,65,80,80,59,63,58,2,FALSE
216,Feraligatr,Water,530,85,105,100,79,83,78,2,FALSE
217,Sentret,Normal,215,35,46,34,35,45,20,2,FALSE
218,Furret,Normal,415,85,76,64,45,55,90,2,FALSE
219,Hoothoot,Normal,262,60,30,30,36,56,50,2,FALSE
220,Noctowl,Normal,442,100,50,50,76,96,70,2,FALSE
221,Ledyba,Bug,265,40,20,30,40,80,55,2,FALSE
222,Ledian,Bug,390,55,35,50,55,110,85,2,FALSE
223,Spinarak,Bug,250,40,60,40,40,40,30,2,FALSE
224,Ariados,Bug,390,70,90,70,60,60,40,2,FALSE
225,Crobat,Poison,535,85,90,80,70,80,130,2,FALSE
226,Chinchou,Water,330,75,38,38,56,56,67,2,FALSE
227,Lanturn,Water,460,125,58,58,76,76,67,2,FALSE
228,Pichu,Electric,205,20,40,15,35,35,60,2,FALSE
229,Cleffa,Fairy,218,50,25,28,45,55,15,2,FALSE
230,Igglybuff,Normal,210,90,30,15,40,20,15,2,FALSE
231,Togepi,Fairy,245,35,20,65,40,65,20,2,FALSE
232,Togetic,Fairy,405,55,40,85,80,105,40,2,FALSE
233,Natu,Psychic,320,40,50,45,70,45,70,2,FALSE
234,Xatu,Psychic,470,65,75,70,95,70,95,2,FALSE
235,Mareep,Electric,280,55,40,40,65,45,35,2,FALSE
236,Flaaffy,Electric,365,70,55,55,80,60,45,2,FALSE
237,Ampharos,Electric,510,90,75,85,115,90,55,2,FALSE
238,Mega Ampharos,Electric,610,90,95,105,165,110,45,2,FALSE
239,Bellossom,Grass,490,75,80,95,90,100,50,2,FALSE
240,Marill,Water,250,70,20,50,20,50,40,2,FALSE
241,Azumarill,Water,420,100,50,80,60,80,50,2,FALSE
242,Sudowoodo,Rock,410,70,100,115,30,65,30,2,FALSE
243,Politoed,Water,500,90,75,75,90,100,70,2,FALSE
244,Hoppip,Grass,250,35,35,40,35,55,50,2,FALSE
245,Skiploom,Grass,340,55,45,50,45,65,80,2,FALSE
246,Jumpluff,Grass,460,75,55,70,55,95,110,2,FALSE
247,Aipom,Normal,360,55,70,55,40,55,85,2,FALSE
248,Sunkern,Grass,180,30,30,30,30,30,30,2,FALSE
249,Sunflora,Grass,425,75,75,55,105,85,30,2,FALSE
250,Yanma,Bug,390,65,65,45,75,45,95,2,FALSE
251,Wooper,Water,210,55,45,45,25,25,15,2,FALSE
252,Quagsire,Water,430,95,85,85,65,65,35,2,FALSE
253,Espeon,Psychic,525,65,65,60,130,95,110,2,FALSE
254,Umbreon,Dark,525,95,65,110,60,130,65,2,FALSE
255,Murkrow,Dark,405,60,85,42,85,42,91,2,FALSE
256,Slowking,Water,490,95,75,80,100,110,30,2,FALSE
257,Galarian Slowking,Poison,490,95,65,80,110,110,30,8,FALSE
258,Misdreavus,Ghost,435,60,60,60,85,85,85,2,FALSE
259,Unown,Psychic,336,48,72,48,72,48,48,2,FALSE
260,Wobbuffet,Psychic,405,190,33,58,33,58,33,2,FALSE
261,Girafarig,Normal,455,70,80,65,90,65,85,2,FALSE
262,Pineco,Bug,290,50,65,90,35,35,15,2,FALSE
263,Forretress,Bug,465,75,90,140,60,60,40,2,FALSE
264,Dunsparce,Normal,415,100,70,70,65,65,45,2,FALSE
265,Gligar,Ground,430,65,75,105,35,65,85,2,FALSE
266,Steelix,Steel,510,75,85,200,55,65,30,2,FALSE
267,Mega Steelix,Steel,610,75,125,230,55,95,30,2,FALSE
268,Snubbull,Fairy,300,60,80,50,40,40,30,2,FALSE
269,Granbull,Fairy,450,90,120,75,60,60,45,2,FALSE
270,Qwilfish,Water,430,65,95,75,55,55,85,2,FALSE
271,Scizor,Bug,500,70,130,100,55,80,65,2,FALSE
272,Mega Scizor,Bug,600,70,150,140,65,100,75,2,FALSE
273,Shuckle,Bug,505,20,10,230,10,230,5,2,FALSE
274,Heracross,Bug,500,80,125,75,40,95,85,2,FALSE
275,Mega Heracross,Bug,600,80,185,115,40,105,75,2,FALSE
276,Sneasel,Dark,430,55,95,55,35,75,115,2,FALSE
277,Teddiursa,Normal,330,60,80,50,50,50,40,2,FALSE
278,Ursaring,Normal,500,90,130,75,75,75,55,2,FALSE
279,Slugma,Fire,250,40,40,40,70,40,20,2,FALSE
280,Magcargo,Fire,410,50,50,120,80,80,30,2,FALSE
281,Swinub,Ice,250,50,50,40,30,30,50,2,FALSE
282,Piloswine,Ice,450,100,100,80,60,60,50,2,FALSE
283,Corsola,Water,380,55,55,85,65,85,35,2,FALSE
284,Galarian Corsola,Ghost,380,60,55,100,65,100,30,8,FALSE
285,Remoraid,Water,300,35,65,35,65,35,65,2,FALSE
286,Octillery,Water,480,75,105,75,105,75,45,2,FALSE
287,Delibird,Ice,330,45,55,45,65,45,75,2,FALSE
288,Mantine,Water,465,65,40,70,80,140,70,2,FALSE
289,Skarmory,Steel,465,65,80,140,40,70,70,2,FALSE
290,Houndour,Dark,330,45,60,30,80,50,65,2,FALSE
291,Houndoom,Dark,500,75,90,50,110,80,95,2,FALSE
292,Mega Houndoom,Dark,600,75,90,90,140,90,115,2,FALSE
293,Kingdra,Water,540,75,95,95,95,95,85,2,FALSE
294,Phanpy,Ground,330,90,60,60,40,40,40,2,FALSE
295,Donphan,Ground,500,90,120,120,60,60,50,2,FALSE
296,Porygon2,Normal,515,85,80,90,105,95,60,2,FALSE
297,Stantler,Normal,465,73,95,62,85,65,85,2,FALSE
298,Smeargle,Normal,250,55,20,35,20,45,75,2,FALSE
299,Tyrogue,Fighting,210,35,35,35,35,35,35,2,FALSE
300,Hitmontop,Fighting,455,50,95,95,35,110,70,2,FALSE
301,Smoochum,Ice,305,45,30,15,85,65,65,2,FALSE
302,Elekid,Electric,360,45,63,37,65,55,95,2,FALSE
303,Magby,Fire,365,45,75,37,70,55,83,2,FALSE
304,Miltank,Normal,490,95,80,105,40,70,100,2,FALSE
305,Blissey,Normal,540,255,10,10,75,135,55,2,FALSE
306,Raikou,Electric,580,90,85,75,115,100,115,2,TRUE
307,Entei,Fire,580,115,115,85,90,75,100,2,TRUE
308,Suicune,Water,580,100,75,115,90,115,85,2,TRUE
309,Larvitar,Rock,300,50,64,50,45,50,41,2,FALSE
310,Pupitar,Rock,410,70,84,70,65,70,51,2,FALSE
311,Tyranitar,Rock,600,100,134,110,95,100,61,2,FALSE
312,Mega Tyranitar,Rock,700,100,164,150,95,120,71,2,FALSE
313,Lugia,Psychic,680,106,90,130,90,154,110,2,TRUE
314,Ho-oh,Fire,680,106,130,90,110,154,90,2,TRUE
315,Celebi,Psychic,600,100,100,100,100,100,100,2,TRUE
316,Treecko,Grass,310,40,45,35,65,55,70,3,FALSE
317,Grovyle,Grass,405,50,65,45,85,65,95,3,FALSE
318,Sceptile,Grass,530,70,85,65,105,85,120,3,FALSE
319,Mega Sceptile,Grass,630,70,110,75,145,85,145,3,FALSE
320,Torchic,Fire,310,45,60,40,70,50,45,3,FALSE
321,Combusken,Fire,405,60,85,60,85,60,55,3,FALSE
322,Blaziken,Fire,530,80,120,70,110,70,80,3,FALSE
323,Mega Blaziken,Fire,630,80,160,80,130,80,100,3,FALSE
324,Mudkip,Water,310,50,70,50,50,50,40,3,FALSE
325,Marshtomp,Water,405,70,85,70,60,70,50,3,FALSE
326,Swampert,Water,535,100,110,90,85,90,60,3,FALSE
327,Mega Swampert,Water,635,100,150,110,95,110,70,3,FALSE
328,Poochyena,Dark,220,35,55,35,30,30,35,3,FALSE
329,Mightyena,Dark,420,70,90,70,60,60,70,3,FALSE
330,Zigzagoon,Normal,240,38,30,41,30,41,60,3,FALSE
331,Galarian Zigzagoon,Dark,240,38,30,41,30,41,60,8,FALSE
332,Linoone,Normal,420,78,70,61,50,61,100,3,FALSE
333,Galarian Linoone,Dark,420,78,70,61,50,61,100,8,FALSE
334,Wurmple,Bug,195,45,45,35,20,30,20,3,FALSE
335,Silcoon,Bug,205,50,35,55,25,25,15,3,FALSE
336,Beautifly,Bug,395,60,70,50,100,50,65,3,FALSE
337,Cascoon,Bug,205,50,35,55,25,25,15,3,FALSE
338,Dustox,Bug,385,60,50,70,50,90,65,3,FALSE
339,Lotad,Water,220,40,30,30,40,50,30,3,FALSE
340,Lombre,Water,340,60,50,50,60,70,50,3,FALSE
341,Ludicolo,Water,480,80,70,70,90,100,70,3,FALSE
342,Seedot,Grass,220,40,40,50,30,30,30,3,FALSE
343,Nuzleaf,Grass,340,70,70,40,60,40,60,3,FALSE
344,Shiftry,Grass,480,90,100,60,90,60,80,3,FALSE
345,Taillow,Normal,270,40,55,30,30,30,85,3,FALSE
346,Swellow,Normal,430,60,85,60,50,50,125,3,FALSE
347,Wingull,Water,270,40,30,30,55,30,85,3,FALSE
348,Pelipper,Water,430,60,50,100,85,70,65,3,FALSE
349,Ralts,Psychic,198,28,25,25,45,35,40,3,FALSE
350,Kirlia,Psychic,278,38,35,35,65,55,50,3,FALSE
351,Gardevoir,Psychic,518,68,65,65,125,115,80,3,FALSE
352,Mega Gardevoir,Psychic,618,68,85,65,165,135,100,3,FALSE
353,Surskit,Bug,269,40,30,32,50,52,65,3,FALSE
354,Masquerain,Bug,414,70,60,62,80,82,60,3,FALSE
355,Shroomish,Grass,295,60,40,60,40,60,35,3,FALSE
356,Breloom,Grass,460,60,130,80,60,60,70,3,FALSE
357,Slakoth,Normal,280,60,60,60,35,35,30,3,FALSE
358,Vigoroth,Normal,440,80,80,80,55,55,90,3,FALSE
359,Slaking,Normal,670,150,160,100,95,65,100,3,FALSE
360,Nincada,Bug,266,31,45,90,30,30,40,3,FALSE
361,Ninjask,Bug,456,61,90,45,50,50,160,3,FALSE
362,Shedinja,Bug,236,1,90,45,30,30,40,3,FALSE
363,Whismur,Normal,240,64,51,23,51,23,28,3,FALSE
364,Loudred,Normal,360,84,71,43,71,43,48,3,FALSE
365,Exploud,Normal,490,104,91,63,91,73,68,3,FALSE
366,Makuhita,Fighting,237,72,60,30,20,30,25,3,FALSE
367,Hariyama,Fighting,474,144,120,60,40,60,50,3,FALSE
368,Azurill,Normal,190,50,20,40,20,40,20,3,FALSE
369,Nosepass,Rock,375,30,45,135,45,90,30,3,FALSE
370,Skitty,Normal,260,50,45,45,35,35,50,3,FALSE
371,Delcatty,Normal,380,70,65,65,55,55,70,3,FALSE
372,Sableye,Dark,380,50,75,75,65,65,50,3,FALSE
373,Mega Sableye,Dark,480,50,85,125,85,115,20,3,FALSE
374,Mawile,Steel,380,50,85,85,55,55,50,3,FALSE
375,Mega Mawile,Steel,480,50,105,125,55,95,50,3,FALSE
376,Aron,Steel,330,50,70,100,40,40,30,3,FALSE
377,Lairon,Steel,430,60,90,140,50,50,40,3,FALSE
378,Aggron,Steel,530,70,110,180,60,60,50,3,FALSE
379,Mega Aggron,Steel,630,70,140,230,60,80,50,3,FALSE
380,Meditite,Fighting,280,30,40,55,40,55,60,3,FALSE
381,Medicham,Fighting,410,60,60,75,60,75,80,3,FALSE
382,Mega Medicham,Fighting,510,60,100,85,80,85,100,3,FALSE
383,Electrike,Electric,295,40,45,40,65,40,65,3,FALSE
384,Manectric,Electric,475,70,75,60,105,60,105,3,FALSE
385,Mega Manectric,Electric,575,70,75,80,135,80,135,3,FALSE
386,Plusle,Electric,405,60,50,40,85,75,95,3,FALSE
387,Minun,Electric,405,60,40,50,75,85,95,3,FALSE
388,Volbeat,Bug,400,65,73,55,47,75,85,3,FALSE
389,Illumise,Bug,400,65,47,55,73,75,85,3,FALSE
390,Roselia,Grass,400,50,60,45,100,80,65,3,FALSE
391,Gulpin,Poison,302,70,43,53,43,53,40,3,FALSE
392,Swalot,Poison,467,100,73,83,73,83,55,3,FALSE
393,Carvanha,Water,305,45,90,20,65,20,65,3,FALSE
394,Sharpedo,Water,460,70,120,40,95,40,95,3,FALSE
395,Mega Sharpedo,Water,560,70,140,70,110,65,105,3,FALSE
396,Wailmer,Water,400,130,70,35,70,35,60,3,FALSE
397,Wailord,Water,500,170,90,45,90,45,60,3,FALSE
398,Numel,Fire,305,60,60,40,65,45,35,3,FALSE
399,Camerupt,Fire,460,70,100,70,105,75,40,3,FALSE
400,Mega Camerupt,Fire,560,70,120,100,145,105,20,3,FALSE
401,Torkoal,Fire,470,70,85,140,85,70,20,3,FALSE
402,Spoink,Psychic,330,60,25,35,70,80,60,3,FALSE
403,Grumpig,Psychic,470,80,45,65,90,110,80,3,FALSE
404,Spinda,Normal,360,60,60,60,60,60,60,3,FALSE
405,Trapinch,Ground,290,45,100,45,45,45,10,3,FALSE
406,Vibrava,Ground,340,50,70,50,50,50,70,3,FALSE
407,Flygon,Ground,520,80,100,80,80,80,100,3,FALSE
408,Cacnea,Grass,335,50,85,40,85,40,35,3,FALSE
409,Cacturne,Grass,475,70,115,60,115,60,55,3,FALSE
410,Swablu,Normal,310,45,40,60,40,75,50,3,FALSE
411,Altaria,Dragon,490,75,70,90,70,105,80,3,FALSE
412,Mega Altaria,Dragon,590,75,110,110,110,105,80,3,FALSE
413,Zangoose,Normal,458,73,115,60,60,60,90,3,FALSE
414,Seviper,Poison,458,73,100,60,100,60,65,3,FALSE
415,Lunatone,Rock,440,70,55,65,95,85,70,3,FALSE
416,Solrock,Rock,440,70,95,85,55,65,70,3,FALSE
417,Barboach,Water,288,50,48,43,46,41,60,3,FALSE
418,Whiscash,Water,468,110,78,73,76,71,60,3,FALSE
419,Corphish,Water,308,43,80,65,50,35,35,3,FALSE
420,Crawdaunt,Water,468,63,120,85,90,55,55,3,FALSE
421,Baltoy,Ground,300,40,40,55,40,70,55,3,FALSE
422,Claydol,Ground,500,60,70,105,70,120,75,3,FALSE
423,Lileep,Rock,355,66,41,77,61,87,23,3,FALSE
424,Cradily,Rock,495,86,81,97,81,107,43,3,FALSE
425,Anorith,Rock,355,45,95,50,40,50,75,3,FALSE
426,Armaldo,Rock,495,75,125,100,70,80,45,3,FALSE
427,Feebas,Water,200,20,15,20,10,55,80,3,FALSE
428,Milotic,Water,540,95,60,79,100,125,81,3,FALSE
429,Castform,Normal,420,70,70,70,70,70,70,3,FALSE
430,Kecleon,Normal,440,60,90,70,60,120,40,3,FALSE
431,Shuppet,Ghost,295,44,75,35,63,33,45,3,FALSE
432,Banette,Ghost,455,64,115,65,83,63,65,3,FALSE
433,Mega Banette,Ghost,555,64,165,75,93,83,75,3,FALSE
434,Duskull,Ghost,295,20,40,90,30,90,25,3,FALSE
435,Dusclops,Ghost,455,40,70,130,60,130,25,3,FALSE
436,Tropius,Grass,460,99,68,83,72,87,51,3,FALSE
437,Chimecho,Psychic,425,65,50,70,95,80,65,3,FALSE
438,Absol,Dark,465,65,130,60,75,60,75,3,FALSE
439,Mega Absol,Dark,565,65,150,60,115,60,115,3,FALSE
440,Wynaut,Psychic,260,95,23,48,23,48,23,3,FALSE
441,Snorunt,Ice,300,50,50,50,50,50,50,3,FALSE
442,Glalie,Ice,480,80,80,80,80,80,80,3,FALSE
443,Mega Glalie,Ice,580,80,120,80,120,80,100,3,FALSE
444,Spheal,Ice,290,70,40,50,55,50,25,3,FALSE
445,Sealeo,Ice,410,90,60,70,75,70,45,3,FALSE
446,Walrein,Ice,530,110,80,90,95,90,65,3,FALSE
447,Clamperl,Water,345,35,64,85,74,55,32,3,FALSE
448,Huntail,Water,485,55,104,105,94,75,52,3,FALSE
449,Gorebyss,Water,485,55,84,105,114,75,52,3,FALSE
450,Relicanth,Water,485,100,90,130,45,65,55,3,FALSE
451,Luvdisc,Water,330,43,30,55,40,65,97,3,FALSE
452,Bagon,Dragon,300,45,75,60,40,30,50,3,FALSE
453,Shelgon,Dragon,420,65,95,100,60,50,50,3,FALSE
454,Salamence,Dragon,600,95,135,80,110,80,100,3,FALSE
455,Mega Salamence,Dragon,700,95,145,130,120,90,120,3,FALSE
456,Beldum,Steel,300,40,55,80,35,60,30,3,FALSE
457,Metang,Steel,420,60,75,100,55,80,50,3,FALSE
458,Metagross,Steel,600,80,135,130,95,90,70,3,FALSE
459,Mega Metagross,Steel,700,80,145,150,105,110,110,3,FALSE
460,Regirock,Rock,580,80,100,200,50,100,50,3,TRUE
461,Regice,Ice,580,80,50,100,100,200,50,3,TRUE
462,Registeel,Steel,580,80,75,150,75,150,50,3,TRUE
463,Latias,Dragon,600,80,80,90,110,130,110,3,TRUE
464,Mega Latias,Dragon,700,80,100,120,140,150,110,3,TRUE
465,Latios,Dragon,600,80,90,80,130,110,110,3,TRUE
466,Mega Latios,Dragon,700,80,130,100,160,120,110,3,TRUE
467,Kyogre,Water,670,100,100,90,150,140,90,3,TRUE
468,Primal Kyogre,Water,770,100,150,90,180,160,90,3,TRUE
469,Groudon,Ground,670,100,150,140,100,90,90,3,TRUE
470,Primal Groudon,Ground,770,100,180,160,150,90,90,3,TRUE
471,Rayquaza,Dragon,680,105,150,90,150,90,95,3,TRUE
472,Mega Rayquaza,Dragon,780,105,180,100,180,100,115,3,TRUE
473,Jirachi,Steel,600,100,100,100,100,100,100,3,TRUE
474,Deoxys Normal Forme,Psychic,600,50,150,50,150,50,150,3,TRUE
475,Deoxys Attack Forme,Psychic,600,50,180,20,180,20,150,3,TRUE
476,Deoxys Defense Forme,Psychic,600,50,70,160,70,160,90,3,TRUE
477,Deoxys Speed Forme,Psychic,600,50,95,90,95,90,180,3,TRUE
478,Turtwig,Grass,318,55,68,64,45,55,31,4,FALSE
479,Grotle,Grass,405,75,89,85,55,65,36,4,FALSE
480,Torterra,Grass,525,95,109,105,75,85,56,4,FALSE
481,Chimchar,Fire,309,44,58,44,58,44,61,4,FALSE
482,Monferno,Fire,405,64,78,52,78,52,81,4,FALSE
483,Infernape,Fire,534,76,104,71,104,71,108,4,FALSE
484,Piplup,Water,314,53,51,53,61,56,40,4,FALSE
485,Prinplup,Water,405,64,66,68,81,76,50,4,FALSE
486,Empoleon,Water,530,84,86,88,111,101,60,4,FALSE
487,Starly,Normal,245,40,55,30,30,30,60,4,FALSE
488,Staravia,Normal,340,55,75,50,40,40,80,4,FALSE
489,Staraptor,Normal,485,85,120,70,50,60,100,4,FALSE
490,Bidoof,Normal,250,59,45,40,35,40,31,4,FALSE
491,Bibarel,Normal,410,79,85,60,55,60,71,4,FALSE
492,Kricketot,Bug,194,37,25,41,25,41,25,4,FALSE
493,Kricketune,Bug,384,77,85,51,55,51,65,4,FALSE
494,Shinx,Electric,263,45,65,34,40,34,45,4,FALSE
495,Luxio,Electric,363,60,85,49,60,49,60,4,FALSE
496,Luxray,Electric,523,80,120,79,95,79,70,4,FALSE
497,Budew,Grass,280,40,30,35,50,70,55,4,FALSE
498,Roserade,Grass,515,60,70,65,125,105,90,4,FALSE
499,Cranidos,Rock,350,67,125,40,30,30,58,4,FALSE
500,Rampardos,Rock,495,97,165,60,65,50,58,4,FALSE
501,Shieldon,Rock,350,30,42,118,42,88,30,4,FALSE
502,Bastiodon,Rock,495,60,52,168,47,138,30,4,FALSE
503,Burmy,Bug,224,40,29,45,29,45,36,4,FALSE
504,Wormadam Plant Cloak,Bug,424,60,59,85,79,105,36,4,FALSE
505,Wormadam Sandy Cloak,Bug,424,60,79,105,59,85,36,4,FALSE
506,Wormadam Trash Cloak,Bug,424,60,69,95,69,95,36,4,FALSE
507,Mothim,Bug,424,70,94,50,94,50,66,4,FALSE
508,Combee,Bug,244,30,30,42,30,42,70,4,FALSE
509,Vespiquen,Bug,474,70,80,102,80,102,40,4,FALSE
510,Pachirisu,Electric,405,60,45,70,45,90,95,4,FALSE
511,Buizel,Water,330,55,65,35,60,30,85,4,FALSE
512,Floatzel,Water,495,85,105,55,85,50,115,4,FALSE
513,Cherubi,Grass,275,45,35,45,62,53,35,4,FALSE
514,Cherrim,Grass,450,70,60,70,87,78,85,4,FALSE
515,Shellos,Water,325,76,48,48,57,62,34,4,FALSE
516,Gastrodon,Water,475,111,83,68,92,82,39,4,FALSE
517,Ambipom,Normal,482,75,100,66,60,66,115,4,FALSE
518,Drifloon,Ghost,348,90,50,34,60,44,70,4,FALSE
519,Drifblim,Ghost,498,150,80,44,90,54,80,4,FALSE
520,Buneary,Normal,350,55,66,44,44,56,85,4,FALSE
521,Lopunny,Normal,480,65,76,84,54,96,105,4,FALSE
522,Mega Lopunny,Normal,580,65,136,94,54,96,135,4,FALSE
523,Mismagius,Ghost,495,60,60,60,105,105,105,4,FALSE
524,Honchkrow,Dark,505,100,125,52,105,52,71,4,FALSE
525,Glameow,Normal,310,49,55,42,42,37,85,4,FALSE
526,Purugly,Normal,452,71,82,64,64,59,112,4,FALSE
527,Chingling,Psychic,285,45,30,50,65,50,45,4,FALSE
528,Stunky,Poison,329,63,63,47,41,41,74,4,FALSE
529,Skuntank,Poison,479,103,93,67,71,61,84,4,FALSE
530,Bronzor,Steel,300,57,24,86,24,86,23,4,FALSE
531,Bronzong,Steel,500,67,89,116,79,116,33,4,FALSE
532,Bonsly,Rock,290,50,80,95,10,45,10,4,FALSE
533,Mime Jr.,Psychic,310,20,25,45,70,90,60,4,FALSE
534,Happiny,Normal,220,100,5,5,15,65,30,4,FALSE
535,Chatot,Normal,411,76,65,45,92,42,91,4,FALSE
536,Spiritomb,Ghost,485,50,92,108,92,108,35,4,FALSE
537,Gible,Dragon,300,58,70,45,40,45,42,4,FALSE
538,Gabite,Dragon,410,68,90,65,50,55,82,4,FALSE
539,Garchomp,Dragon,600,108,130,95,80,85,102,4,FALSE
540,Mega Garchomp,Dragon,700,108,170,115,120,95,92,4,FALSE
541,Munchlax,Normal,390,135,85,40,40,85,5,4,FALSE
542,Riolu,Fighting,285,40,70,40,35,40,60,4,FALSE
543,Lucario,Fighting,525,70,110,70,115,70,90,4,FALSE
544,Mega Lucario,Fighting,625,70,145,88,140,70,112,4,FALSE
545,Hippopotas,Ground,330,68,72,78,38,42,32,4,FALSE
546,Hippowdon,Ground,525,108,112,118,68,72,47,4,FALSE
547,Skorupi,Poison,330,40,50,90,30,55,65,4,FALSE
548,Drapion,Poison,500,70,90,110,60,75,95,4,FALSE
549,Croagunk,Poison,300,48,61,40,61,40,50,4,FALSE
550,Toxicroak,Poison,490,83,106,65,86,65,85,4,FALSE
551,Carnivine,Grass,454,74,100,72,90,72,46,4,FALSE
552,Finneon,Water,330,49,49,56,49,61,66,4,FALSE
553,Lumineon,Water,460,69,69,76,69,86,91,4,FALSE
554,Mantyke,Water,345,45,20,50,60,120,50,4,FALSE
555,Snover,Grass,334,60,62,50,62,60,40,4,FALSE
556,Abomasnow,Grass,494,90,92,75,92,85,60,4,FALSE
557,Mega Abomasnow,Grass,594,90,132,105,132,105,30,4,FALSE
558,Weavile,Dark,510,70,120,65,45,85,125,4,FALSE
559,Magnezone,Electric,535,70,70,115,130,90,60,4,FALSE
560,Lickilicky,Normal,515,110,85,95,80,95,50,4,FALSE
561,Rhyperior,Ground,535,115,140,130,55,55,40,4,FALSE
562,Tangrowth,Grass,535,100,100,125,110,50,50,4,FALSE
563,Electivire,Electric,540,75,123,67,95,85,95,4,FALSE
564,Magmortar,Fire,540,75,95,67,125,95,83,4,FALSE
565,Togekiss,Fairy,545,85,50,95,120,115,80,4,FALSE
566,Yanmega,Bug,515,86,76,86,116,56,95,4,FALSE
567,Leafeon,Grass,525,65,110,130,60,65,95,4,FALSE
568,Glaceon,Ice,525,65,60,110,130,95,65,4,FALSE
569,Gliscor,Ground,510,75,95,125,45,75,95,4,FALSE
570,Mamoswine,Ice,530,110,130,80,70,60,80,4,FALSE
571,Porygon-Z,Normal,535,85,80,70,135,75,90,4,FALSE
572,Gallade,Psychic,518,68,125,65,65,115,80,4,FALSE
573,Mega Gallade,Psychic,618,68,165,95,65,115,110,4,FALSE
574,Probopass,Rock,525,60,55,145,75,150,40,4,FALSE
575,Dusknoir,Ghost,525,45,100,135,65,135,45,4,FALSE
576,Froslass,Ice,480,70,80,70,80,70,110,4,FALSE
577,Rotom,Electric,440,50,50,77,95,77,91,4,FALSE
578,Heat Rotom,Electric,520,50,65,107,105,107,86,4,FALSE
579,Wash Rotom,Electric,520,50,65,107,105,107,86,4,FALSE
580,Frost Rotom,Electric,520,50,65,107,105,107,86,4,FALSE
581,Fan Rotom,Electric,520,50,65,107,105,107,86,4,FALSE
582,Mow Rotom,Electric,520,50,65,107,105,107,86,4,FALSE
583,Uxie,Psychic,580,75,75,130,75,130,95,4,TRUE
584,Mesprit,Psychic,580,80,105,105,105,105,80,4,TRUE
585,Azelf,Psychic,580,75,125,70,125,70,115,4,TRUE
586,Dialga,Steel,680,100,120,120,150,100,90,4,TRUE
587,Palkia,Water,680,90,120,100,150,120,100,4,TRUE
588,Heatran,Fire,600,91,90,106,130,106,77,4,TRUE
589,Regigigas,Normal,670,110,160,110,80,110,100,4,TRUE
590,Giratina Altered Forme,Ghost,680,150,100,120,100,120,90,4,TRUE
591,Giratina Origin Forme,Ghost,680,150,120,100,120,100,90,4,TRUE
592,Cresselia,Psychic,600,120,70,120,75,130,85,4,TRUE
593,Phione,Water,480,80,80,80,80,80,80,4,TRUE
594,Manaphy,Water,600,100,100,100,100,100,100,4,TRUE
595,Darkrai,Dark,600,70,90,90,135,90,125,4,TRUE
596,Shaymin Land Forme,Grass,600,100,100,100,100,100,100,4,TRUE
597,Shaymin Sky Forme,Grass,600,100,103,75,120,75,127,4,TRUE
598,Arceus,Normal,720,120,120,120,120,120,120,4,TRUE
599,Victini,Psychic,600,100,100,100,100,100,100,5,TRUE
600,Snivy,Grass,308,45,45,55,45,55,63,5,FALSE
601,Servine,Grass,413,60,60,75,60,75,83,5,FALSE
602,Serperior,Grass,528,75,75,95,75,95,113,5,FALSE
603,Tepig,Fire,308,65,63,45,45,45,45,5,FALSE
604,Pignite,Fire,418,90,93,55,70,55,55,5,FALSE
605,Emboar,Fire,528,110,123,65,100,65,65,5,FALSE
606,Oshawott,Water,308,55,55,45,63,45,45,5,FALSE
607,Dewott,Water,413,75,75,60,83,60,60,5,FALSE
608,Samurott,Water,528,95,100,85,108,70,70,5,FALSE
609,Patrat,Normal,255,45,55,39,35,39,42,5,FALSE
610,Watchog,Normal,420,60,85,69,60,69,77,5,FALSE
611,Lillipup,Normal,275,45,60,45,25,45,55,5,FALSE
612,Herdier,Normal,370,65,80,65,35,65,60,5,FALSE
613,Stoutland,Normal,500,85,110,90,45,90,80,5,FALSE
614,Purrloin,Dark,281,41,50,37,50,37,66,5,FALSE
615,Liepard,Dark,446,64,88,50,88,50,106,5,FALSE
616,Pansage,Grass,316,50,53,48,53,48,64,5,FALSE
617,Simisage,Grass,498,75,98,63,98,63,101,5,FALSE
618,Pansear,Fire,316,50,53,48,53,48,64,5,FALSE
619,Simisear,Fire,498,75,98,63,98,63,101,5,FALSE
620,Panpour,Water,316,50,53,48,53,48,64,5,FALSE
621,Simipour,Water,498,75,98,63,98,63,101,5,FALSE
622,Munna,Psychic,292,76,25,45,67,55,24,5,FALSE
623,Musharna,Psychic,487,116,55,85,107,95,29,5,FALSE
624,Pidove,Normal,264,50,55,50,36,30,43,5,FALSE
625,Tranquill,Normal,358,62,77,62,50,42,65,5,FALSE
626,Unfezant,Normal,488,80,115,80,65,55,93,5,FALSE
627,Blitzle,Electric,295,45,60,32,50,32,76,5,FALSE
628,Zebstrika,Electric,497,75,100,63,80,63,116,5,FALSE
629,Roggenrola,Rock,280,55,75,85,25,25,15,5,FALSE
630,Boldore,Rock,390,70,105,105,50,40,20,5,FALSE
631,Gigalith,Rock,515,85,135,130,60,80,25,5,FALSE
632,Woobat,Psychic,313,55,45,43,55,43,72,5,FALSE
633,Swoobat,Psychic,425,67,57,55,77,55,114,5,FALSE
634,Drilbur,Ground,328,60,85,40,30,45,68,5,FALSE
635,Excadrill,Ground,508,110,135,60,50,65,88,5,FALSE
636,Audino,Normal,445,103,60,86,60,86,50,5,FALSE
637,Mega Audino,Normal,545,103,60,126,80,126,50,5,FALSE
638,Timburr,Fighting,305,75,80,55,25,35,35,5,FALSE
639,Gurdurr,Fighting,405,85,105,85,40,50,40,5,FALSE
640,Conkeldurr,Fighting,505,105,140,95,55,65,45,5,FALSE
641,Tympole,Water,294,50,50,40,50,40,64,5,FALSE
642,Palpitoad,Water,384,75,65,55,65,55,69,5,FALSE
643,Seismitoad,Water,509,105,95,75,85,75,74,5,FALSE
644,Throh,Fighting,465,120,100,85,30,85,45,5,FALSE
645,Sawk,Fighting,465,75,125,75,30,75,85,5,FALSE
646,Sewaddle,Bug,310,45,53,70,40,60,42,5,FALSE
647,Swadloon,Bug,380,55,63,90,50,80,42,5,FALSE
648,Leavanny,Bug,500,75,103,80,70,80,92,5,FALSE
649,Venipede,Bug,260,30,45,59,30,39,57,5,FALSE
650,Whirlipede,Bug,360,40,55,99,40,79,47,5,FALSE
651,Scolipede,Bug,485,60,100,89,55,69,112,5,FALSE
652,Cottonee,Grass,280,40,27,60,37,50,66,5,FALSE
653,Whimsicott,Grass,480,60,67,85,77,75,116,5,FALSE
654,Petilil,Grass,280,45,35,50,70,50,30,5,FALSE
655,Lilligant,Grass,480,70,60,75,110,75,90,5,FALSE
656,Basculin,Water,460,70,92,65,80,55,98,5,FALSE
657,Sandile,Ground,292,50,72,35,35,35,65,5,FALSE
658,Krokorok,Ground,351,60,82,45,45,45,74,5,FALSE
659,Krookodile,Ground,519,95,117,80,65,70,92,5,FALSE
660,Darumaka,Fire,315,70,90,45,15,45,50,5,FALSE
661,Galarian Darumaka,Ice,315,70,90,45,15,45,50,8,FALSE
662,Darmanitan Standard Mode,Fire,480,105,140,55,30,55,95,5,FALSE
663,Galarian Darmanitan Standard Mode,Ice,480,105,140,55,30,55,95,8,FALSE
664,Darmanitan Zen Mode,Fire,540,105,30,105,140,105,55,5,FALSE
665,Galarian Darmanitan Zen Mode,Ice,540,105,160,55,30,55,135,8,FALSE
666,Maractus,Grass,461,75,86,67,106,67,60,5,FALSE
667,Dwebble,Bug,325,50,65,85,35,35,55,5,FALSE
668,Crustle,Bug,475,70,95,125,65,75,45,5,FALSE
669,Scraggy,Dark,348,50,75,70,35,70,48,5,FALSE
670,Scrafty,Dark,488,65,90,115,45,115,58,5,FALSE
671,Sigilyph,Psychic,490,72,58,80,103,80,97,5,FALSE
672,Yamask,Ghost,303,38,30,85,55,65,30,5,FALSE
673,Galarian Yamask,Ground,303,38,55,85,30,65,30,8,FALSE
674,Cofagrigus,Ghost,483,58,50,145,95,105,30,5,FALSE
675,Tirtouga,Water,355,54,78,103,53,45,22,5,FALSE
676,Carracosta,Water,495,74,108,133,83,65,32,5,FALSE
677,Archen,Rock,401,55,112,45,74,45,70,5,FALSE
678,Archeops,Rock,567,75,140,65,112,65,110,5,FALSE
679,Trubbish,Poison,329,50,50,62,40,62,65,5,FALSE
680,Garbodor,Poison,474,80,95,82,60,82,75,5,FALSE
681,Gigantamax Garbodor,Poison,474,80,95,82,60,82,75,5,FALSE
682,Zorua,Dark,330,40,65,40,80,40,65,5,FALSE
683,Zoroark,Dark,510,60,105,60,120,60,105,5,FALSE
684,Minccino,Normal,300,55,50,40,40,40,75,5,FALSE
685,Cinccino,Normal,470,75,95,60,65,60,115,5,FALSE
686,Gothita,Psychic,290,45,30,50,55,65,45,5,FALSE
687,Gothorita,Psychic,390,60,45,70,75,85,55,5,FALSE
688,Gothitelle,Psychic,490,70,55,95,95,110,65,5,FALSE
689,Solosis,Psychic,290,45,30,40,105,50,20,5,FALSE
690,Duosion,Psychic,370,65,40,50,125,60,30,5,FALSE
691,Reuniclus,Psychic,490,110,65,75,125,85,30,5,FALSE
692,Ducklett,Water,305,62,44,50,44,50,55,5,FALSE
693,Swanna,Water,473,75,87,63,87,63,98,5,FALSE
694,Vanillite,Ice,305,36,50,50,65,60,44,5,FALSE
695,Vanillish,Ice,395,51,65,65,80,75,59,5,FALSE
696,Vanilluxe,Ice,535,71,95,85,110,95,79,5,FALSE
697,Deerling,Normal,335,60,60,50,40,50,75,5,FALSE
698,Sawsbuck,Normal,475,80,100,70,60,70,95,5,FALSE
699,Emolga,Electric,428,55,75,60,75,60,103,5,FALSE
700,Karrablast,Bug,315,50,75,45,40,45,60,5,FALSE
701,Escavalier,Bug,495,70,135,105,60,105,20,5,FALSE
702,Foongus,Grass,294,69,55,45,55,55,15,5,FALSE
703,Amoonguss,Grass,464,114,85,70,85,80,30,5,FALSE
704,Frillish,Water,335,55,40,50,65,85,40,5,FALSE
705,Jellicent,Water,480,100,60,70,85,105,60,5,FALSE
706,Alomomola,Water,470,165,75,80,40,45,65,5,FALSE
707,Joltik,Bug,319,50,47,50,57,50,65,5,FALSE
708,Galvantula,Bug,472,70,77,60,97,60,108,5,FALSE
709,Ferroseed,Grass,305,44,50,91,24,86,10,5,FALSE
710,Ferrothorn,Grass,489,74,94,131,54,116,20,5,FALSE
711,Klink,Steel,300,40,55,70,45,60,30,5,FALSE
712,Klang,Steel,440,60,80,95,70,85,50,5,FALSE
713,Klinklang,Steel,520,60,100,115,70,85,90,5,FALSE
714,Tynamo,Electric,275,35,55,40,45,40,60,5,FALSE
715,Eelektrik,Electric,405,65,85,70,75,70,40,5,FALSE
716,Eelektross,Electric,515,85,115,80,105,80,50,5,FALSE
717,Elgyem,Psychic,335,55,55,55,85,55,30,5,FALSE
718,Beheeyem,Psychic,485,75,75,75,125,95,40,5,FALSE
719,Litwick,Ghost,275,50,30,55,65,55,20,5,FALSE
720,Lampent,Ghost,370,60,40,60,95,60,55,5,FALSE
721,Chandelure,Ghost,520,60,55,90,145,90,80,5,FALSE
722,Axew,Dragon,320,46,87,60,30,40,57,5,FALSE
723,Fraxure,Dragon,410,66,117,70,40,50,67,5,FALSE
724,Haxorus,Dragon,540,76,147,90,60,70,97,5,FALSE
725,Cubchoo,Ice,305,55,70,40,60,40,40,5,FALSE
726,Beartic,Ice,485,95,110,80,70,80,50,5,FALSE
727,Cryogonal,Ice,485,70,50,30,95,135,105,5,FALSE
728,Shelmet,Bug,305,50,40,85,40,65,25,5,FALSE
729,Accelgor,Bug,495,80,70,40,100,60,145,5,FALSE
730,Stunfisk,Ground,471,109,66,84,81,99,32,5,FALSE
731,Galarian Stunfisk,Ground,471,109,81,99,66,84,32,8,FALSE
732,Mienfoo,Fighting,350,45,85,50,55,50,65,5,FALSE
733,Mienshao,Fighting,510,65,125,60,95,60,105,5,FALSE
734,Druddigon,Dragon,485,77,120,90,60,90,48,5,FALSE
735,Golett,Ground,303,59,74,50,35,50,35,5,FALSE
736,Golurk,Ground,483,89,124,80,55,80,55,5,FALSE
737,Pawniard,Dark,340,45,85,70,40,40,60,5,FALSE
738,Bisharp,Dark,490,65,125,100,60,70,70,5,FALSE
739,Bouffalant,Normal,490,95,110,95,40,95,55,5,FALSE
740,Rufflet,Normal,350,70,83,50,37,50,60,5,FALSE
741,Braviary,Normal,510,100,123,75,57,75,80,5,FALSE
742,Vullaby,Dark,370,70,55,75,45,65,60,5,FALSE
743,Mandibuzz,Dark,510,110,65,105,55,95,80,5,FALSE
744,Heatmor,Fire,484,85,97,66,105,66,65,5,FALSE
745,Durant,Bug,484,58,109,112,48,48,109,5,FALSE
746,Deino,Dark,300,52,65,50,45,50,38,5,FALSE
747,Zweilous,Dark,420,72,85,70,65,70,58,5,FALSE
748,Hydreigon,Dark,600,92,105,90,125,90,98,5,FALSE
749,Larvesta,Bug,360,55,85,55,50,55,60,5,FALSE
750,Volcarona,Bug,550,85,60,65,135,105,100,5,FALSE
751,Cobalion,Steel,580,91,90,129,90,72,108,5,TRUE
752,Terrakion,Rock,580,91,129,90,72,90,108,5,TRUE
753,Virizion,Grass,580,91,90,72,90,129,108,5,TRUE
754,Tornadus Incarnate Forme,Flying,580,79,115,70,125,80,111,5,TRUE
755,Tornadus Therian Forme,Flying,580,79,100,80,110,90,121,5,TRUE
756,Thundurus Incarnate Forme,Electric,580,79,115,70,125,80,111,5,TRUE
757,Thundurus Therian Forme,Electric,580,79,105,70,145,80,101,5,TRUE
758,Reshiram,Dragon,680,100,120,100,150,120,90,5,TRUE
759,Zekrom,Dragon,680,100,150,120,120,100,90,5,TRUE
760,Landorus Incarnate Forme,Ground,600,89,125,90,115,80,101,5,TRUE
761,Landorus Therian Forme,Ground,600,89,145,90,105,80,91,5,TRUE
762,Kyurem,Dragon,660,125,130,90,130,90,95,5,TRUE
763,Black Kyurem,Dragon,700,125,170,100,120,90,95,5,TRUE
764,White Kyurem,Dragon,700,125,120,90,170,100,95,5,TRUE
765,Keldeo Ordinary Forme,Water,580,91,72,90,129,90,108,5,TRUE
766,Keldeo Resolute Forme,Water,580,91,72,90,129,90,108,5,TRUE
767,Meloetta Aria Forme,Normal,600,100,77,77,128,128,90,5,TRUE
768,Meloetta Pirouette Forme,Normal,600,100,128,90,77,77,128,5,TRUE
769,Genesect,Bug,600,71,120,95,120,95,99,5,TRUE
770,Chespin,Grass,313,56,61,65,48,45,38,6,FALSE
771,Quilladin,Grass,405,61,78,95,56,58,57,6,FALSE
772,Chesnaught,Grass,530,88,107,122,74,75,64,6,FALSE
773,Fennekin,Fire,307,40,45,40,62,60,60,6,FALSE
774,Braixen,Fire,409,59,59,58,90,70,73,6,FALSE
775,Delphox,Fire,534,75,69,72,114,100,104,6,FALSE
776,Froakie,Water,314,41,56,40,62,44,71,6,FALSE
777,Frogadier,Water,405,54,63,52,83,56,97,6,FALSE
778,Greninja,Water,530,72,95,67,103,71,122,6,FALSE
779,Ash-Greninja,Water,640,72,145,67,153,71,132,6,FALSE
780,Bunnelby,Normal,237,38,36,38,32,36,57,6,FALSE
781,Diggersby,Normal,423,85,56,77,50,77,78,6,FALSE
782,Fletchling,Normal,278,45,50,43,40,38,62,6,FALSE
783,Fletchinder,Fire,382,62,73,55,56,52,84,6,FALSE
784,Talonflame,Fire,499,78,81,71,74,69,126,6,FALSE
785,Scatterbug,Bug,200,38,35,40,27,25,35,6,FALSE
786,Spewpa,Bug,213,45,22,60,27,30,29,6,FALSE
787,Vivillon,Bug,411,80,52,50,90,50,89,6,FALSE
788,Litleo,Fire,369,62,50,58,73,54,72,6,FALSE
789,Pyroar,Fire,507,86,68,72,109,66,106,6,FALSE
790,Flabébé,Fairy,303,44,38,39,61,79,42,6,FALSE
791,Floette,Fairy,371,54,45,47,75,98,52,6,FALSE
792,Florges,Fairy,552,78,65,68,112,154,75,6,FALSE
793,Skiddo,Grass,350,66,65,48,62,57,52,6,FALSE
794,Gogoat,Grass,531,123,100,62,97,81,68,6,FALSE
795,Pancham,Fighting,348,67,82,62,46,48,43,6,FALSE
796,Pangoro,Fighting,495,95,124,78,69,71,58,6,FALSE
797,Furfrou,Normal,472,75,80,60,65,90,102,6,FALSE
798,Espurr,Psychic,355,62,48,54,63,60,68,6,FALSE
799,Meowstic Male,Psychic,466,74,48,76,83,81,104,6,FALSE
800,Meowstic Female,Psychic,466,74,48,76,83,81,104,6,FALSE
801,Honedge,Steel,325,45,80,100,35,37,28,6,FALSE
802,Doublade,Steel,448,59,110,150,45,49,35,6,FALSE
803,Aegislash Blade Forme,Steel,520,60,150,50,150,50,60,6,FALSE
804,Aegislash Shield Forme,Steel,520,60,50,150,50,150,60,6,FALSE
805,Spritzee,Fairy,341,78,52,60,63,65,23,6,FALSE
806,Aromatisse,Fairy,462,101,72,72,99,89,29,6,FALSE
807,Swirlix,Fairy,341,62,48,66,59,57,49,6,FALSE
808,Slurpuff,Fairy,480,82,80,86,85,75,72,6,FALSE
809,Inkay,Dark,288,53,54,53,37,46,45,6,FALSE
810,Malamar,Dark,482,86,92,88,68,75,73,6,FALSE
811,Binacle,Rock,306,42,52,67,39,56,50,6,FALSE
812,Barbaracle,Rock,500,72,105,115,54,86,68,6,FALSE
813,Skrelp,Poison,320,50,60,60,60,60,30,6,FALSE
814,Dragalge,Poison,494,65,75,90,97,123,44,6,FALSE
815,Clauncher,Water,330,50,53,62,58,63,44,6,FALSE
816,Clawitzer,Water,500,71,73,88,120,89,59,6,FALSE
817,Helioptile,Electric,289,44,38,33,61,43,70,6,FALSE
818,Heliolisk,Electric,481,62,55,52,109,94,109,6,FALSE
819,Tyrunt,Rock,362,58,89,77,45,45,48,6,FALSE
820,Tyrantrum,Rock,521,82,121,119,69,59,71,6,FALSE
821,Amaura,Rock,362,77,59,50,67,63,46,6,FALSE
822,Aurorus,Rock,521,123,77,72,99,92,58,6,FALSE
823,Sylveon,Fairy,525,95,65,65,110,130,60,6,FALSE
824,Hawlucha,Fighting,500,78,92,75,74,63,118,6,FALSE
825,Dedenne,Electric,431,67,58,57,81,67,101,6,FALSE
826,Carbink,Rock,500,50,50,150,50,150,50,6,FALSE
827,Goomy,Dragon,300,45,50,35,55,75,40,6,FALSE
828,Sliggoo,Dragon,452,68,75,53,83,113,60,6,FALSE
829,Goodra,Dragon,600,90,100,70,110,150,80,6,FALSE
830,Klefki,Steel,470,57,80,91,80,87,75,6,FALSE
831,Phantump,Ghost,309,43,70,48,50,60,38,6,FALSE
832,Trevenant,Ghost,474,85,110,76,65,82,56,6,FALSE
833,Pumpkaboo Average Size,Ghost,335,49,66,70,44,55,51,6,FALSE
834,Pumpkaboo Small Size,Ghost,335,44,66,70,44,55,56,6,FALSE
835,Pumpkaboo Large Size,Ghost,335,54,66,70,44,55,46,6,FALSE
836,Pumpkaboo Super Size,Ghost,335,59,66,70,44,55,41,6,FALSE
837,Gourgeist Average Size,Ghost,494,65,90,122,58,75,84,6,FALSE
838,Gourgeist Small Size,Ghost,494,55,85,122,58,75,99,6,FALSE
839,Gourgeist Large Size,Ghost,494,75,95,122,58,75,69,6,FALSE
840,Gourgeist Super Size,Ghost,494,85,100,122,58,75,54,6,FALSE
841,Bergmite,Ice,304,55,69,85,32,35,28,6,FALSE
842,Avalugg,Ice,514,95,117,184,44,46,28,6,FALSE
843,Noibat,Flying,245,40,30,35,45,40,55,6,FALSE
844,Noivern,Flying,535,85,70,80,97,80,123,6,FALSE
845,Xerneas,Fairy,680,126,131,95,131,98,99,6,TRUE
846,Yveltal,Dark,680,126,131,95,131,98,99,6,TRUE
847,Zygarde 10% Forme,Dragon,486,54,100,71,61,85,115,6,TRUE
848,Zygarde 50% Forme,Dragon,600,108,100,121,81,95,95,6,TRUE
849,Zygarde Complete Forme,Dragon,708,216,100,121,91,95,85,6,TRUE
850,Diancie,Rock,600,50,100,150,100,150,50,6,TRUE
851,Mega Diancie,Rock,700,50,160,110,160,110,110,6,TRUE
852,Hoopa Confined,Psychic,600,80,110,60,150,130,70,6,TRUE
853,Hoopa Unbound,Psychic,680,80,160,60,170,130,80,6,TRUE
854,Volcanion,Fire,600,80,110,120,130,90,70,6,TRUE
855,Rowlet,Grass,320,68,55,55,50,50,42,7,FALSE
856,Dartrix,Grass,420,78,75,75,70,70,52,7,FALSE
857,Decidueye,Grass,530,78,107,75,100,100,70,7,FALSE
858,Litten,Fire,320,45,65,40,60,40,70,7,FALSE
859,Torracat,Fire,420,65,85,50,80,50,90,7,FALSE
860,Incineroar,Fire,530,95,115,90,80,90,60,7,FALSE
861,Popplio,Water,320,50,54,54,66,56,40,7,FALSE
862,Brionne,Water,420,60,69,69,91,81,50,7,FALSE
863,Primarina,Water,530,80,74,74,126,116,60,7,FALSE
864,Pikipek,Normal,265,35,75,30,30,30,65,7,FALSE
865,Trumbeak,Normal,355,55,85,50,40,50,75,7,FALSE
866,Toucannon,Normal,485,80,120,75,75,75,60,7,FALSE
867,Yungoos,Normal,253,48,70,30,30,30,45,7,FALSE
868,Gumshoos,Normal,418,88,110,60,55,60,45,7,FALSE
869,Grubbin,Bug,300,47,62,45,55,45,46,7,FALSE
870,Charjabug,Bug,400,57,82,95,55,75,36,7,FALSE
871,Vikavolt,Bug,500,77,70,90,145,75,43,7,FALSE
872,Crabrawler,Fighting,338,47,82,57,42,47,63,7,FALSE
873,Crabominable,Fighting,478,97,132,77,62,67,43,7,FALSE
874,Oricorio Baile Style,Fire,476,75,70,70,98,70,93,7,FALSE
875,Oricorio Pom-Pom Style,Electric,476,75,70,70,98,70,93,7,FALSE
876,Oricorio P'au Style,Psychic,476,75,70,70,98,70,93,7,FALSE
877,Oricorio Sensu Style,Ghost,476,75,70,70,98,70,93,7,FALSE
878,Cutiefly,Bug,304,40,45,40,55,40,84,7,FALSE
879,Ribombee,Bug,464,60,55,60,95,70,124,7,FALSE
880,Rockruff,Rock,280,45,65,40,30,40,60,7,FALSE
881,Lycanroc Midday Forme,Rock,487,75,115,65,55,65,112,7,FALSE
882,Lycanroc Midnight Forme,Rock,487,85,115,75,55,75,82,7,FALSE
883,Lycanroc Dusk Forme,Rock,487,75,117,65,55,65,110,7,FALSE
884,Wishiwashi Solo Forme,Water,175,45,20,20,25,25,40,7,FALSE
885,Wishiwashi School Forme,Water,620,45,140,130,140,135,30,7,FALSE
886,Mareanie,Poison,305,50,53,62,43,52,45,7,FALSE
887,Toxapex,Poison,495,50,63,152,53,142,35,7,FALSE
888,Mudbray,Ground,385,70,100,70,45,55,45,7,FALSE
889,Mudsdale,Ground,500,100,125,100,55,85,35,7,FALSE
890,Dewpider,Water,269,38,40,52,40,72,27,7,FALSE
891,Araquanid,Water,454,68,70,92,50,132,42,7,FALSE
892,Fomantis,Grass,250,40,55,35,50,35,35,7,FALSE
893,Lurantis,Grass,480,70,105,90,80,90,45,7,FALSE
894,Morelull,Grass,285,40,35,55,65,75,15,7,FALSE
895,Shiinotic,Grass,405,60,45,80,90,100,30,7,FALSE
896,Salandit,Poison,320,48,44,40,71,40,77,7,FALSE
897,Salazzle,Poison,480,68,64,60,111,60,117,7,FALSE
898,Stufful,Normal,340,70,75,50,45,50,50,7,FALSE
899,Bewear,Normal,500,120,125,80,55,60,60,7,FALSE
900,Bounsweet,Grass,210,42,30,38,30,38,32,7,FALSE
901,Steenee,Grass,290,52,40,48,40,48,62,7,FALSE
902,Tsareena,Grass,510,72,120,98,50,98,72,7,FALSE
903,Comfey,Fairy,485,51,52,90,82,110,100,7,FALSE
904,Oranguru,Normal,490,90,60,80,90,110,60,7,FALSE
905,Passimian,Fighting,490,100,120,90,40,60,80,7,FALSE
906,Wimpod,Bug,230,25,35,40,20,30,80,7,FALSE
907,Golisopod,Bug,530,75,125,140,60,90,40,7,FALSE
908,Sandygast,Ghost,320,55,55,80,70,45,15,7,FALSE
909,Palossand,Ghost,480,85,75,110,100,75,35,7,FALSE
910,Pyukumuku,Water,410,55,60,130,30,130,5,7,FALSE
911,Type: Null,Normal,534,95,95,95,95,95,59,7,FALSE
912,Silvally,Normal,570,95,95,95,95,95,95,7,FALSE
913,Minior Meteor Forme,Rock,440,60,60,100,60,100,60,7,FALSE
914,Minior Core Forme,Rock,500,60,100,60,100,60,120,7,FALSE
915,Komala,Normal,480,65,115,65,75,95,65,7,FALSE
916,Turtonator,Fire,485,60,78,135,91,85,36,7,FALSE
917,Togedemaru,Electric,435,65,98,63,40,73,96,7,FALSE
918,Mimikyu,Ghost,476,55,90,80,50,105,96,7,FALSE
919,Bruxish,Water,475,68,105,70,70,70,92,7,FALSE
920,Drampa,Normal,485,78,60,85,135,91,36,7,FALSE
921,Dhelmise,Ghost,517,70,131,100,86,90,40,7,FALSE
922,Jangmo-o,Dragon,300,45,55,65,45,45,45,7,FALSE
923,Hakamo-o,Dragon,420,55,75,90,65,70,65,7,FALSE
924,Kommo-o,Dragon,600,75,110,125,100,105,85,7,FALSE
925,Tapu Koko,Electric,570,70,115,85,95,75,130,7,TRUE
926,Tapu Lele,Psychic,570,70,85,75,130,115,95,7,TRUE
927,Tapu Bulu,Grass,570,70,130,115,85,95,75,7,TRUE
928,Tapu Fini,Water,570,70,75,115,95,130,85,7,TRUE
929,Cosmog,Psychic,200,43,29,31,29,31,37,7,TRUE
930,Cosmoem,Psychic,400,43,29,131,29,131,37,7,TRUE
931,Solgaleo,Psychic,680,137,137,107,113,89,97,7,TRUE
932,Lunala,Psychic,680,137,113,89,137,107,97,7,TRUE
933,Nihilego,Rock,570,109,53,47,127,131,103,7,FALSE
934,Buzzwole,Bug,570,107,139,139,53,53,79,7,FALSE
935,Pheromosa,Bug,570,71,137,37,137,37,151,7,FALSE
936,Xurkitree,Electric,570,83,89,71,173,71,83,7,FALSE
937,Celesteela,Steel,570,97,101,103,107,101,61,7,FALSE
938,Kartana,Grass,570,59,181,131,59,31,109,7,FALSE
939,Guzzlord,Dark,570,223,101,53,97,53,43,7,FALSE
940,Necrozma,Psychic,600,97,107,101,127,89,79,7,TRUE
941,Dusk Mane Necrozma,Psychic,680,97,157,127,113,109,77,7,TRUE
942,Dawn Wings Necrozma,Psychic,680,97,113,109,157,127,77,7,TRUE
943,Ultra Necrozma,Psychic,754,97,167,97,167,97,129,7,TRUE
944,Magearna,Steel,600,80,95,115,130,115,65,7,TRUE
945,Marshadow,Fighting,600,90,125,80,90,90,125,7,TRUE
946,Poipole,Poison,420,67,73,67,73,67,73,7,FALSE
947,Naganadel,Poison,540,73,73,73,127,73,121,7,FALSE
948,Stakataka,Rock,570,61,131,211,53,101,13,7,FALSE
949,Blacephalon,Fire,570,53,127,53,151,79,107,7,FALSE
950,Zeraora,Electric,600,88,112,75,102,80,143,7,TRUE
951,Meltan,Steel,300,46,65,65,55,35,34,0,TRUE
952,Melmetal,Steel,600,135,143,143,80,65,34,0,TRUE
953,Gigantamax Melmetal,Steel,600,135,143,143,80,65,34,0,TRUE
954,Grookey,Grass,310,50,65,50,40,40,65,8,FALSE
955,Thwackey,Grass,420,70,85,70,55,60,80,8,FALSE
956,Rillaboom,Grass,530,100,125,90,60,70,85,8,FALSE
957,Gigantamax Rillaboom,Grass,530,100,125,90,60,70,85,8,FALSE
958,Scorbunny,Fire,310,50,71,40,40,40,69,8,FALSE
959,Raboot,Fire,420,65,86,60,55,60,94,8,FALSE
960,Cinderace,Fire,530,80,116,75,65,75,119,8,FALSE
961,Gigantamax Cinderace,Fire,530,80,116,75,65,75,119,8,FALSE
962,Sobble,Water,310,50,40,40,70,40,70,8,FALSE
963,Drizzile,Water,420,65,60,55,95,55,90,8,FALSE
964,Inteleon,Water,530,70,85,65,125,65,120,8,FALSE
965,Gigantamax Inteleon,Water,530,70,85,65,125,65,120,8,FALSE
966,Skwovet,Normal,275,70,55,55,35,35,25,8,FALSE
967,Greedent,Normal,460,120,95,95,55,75,20,8,FALSE
968,Rookidee,Flying,245,38,47,35,33,35,57,8,FALSE
969,Corvisquire,Flying,365,68,67,55,43,55,77,8,FALSE
970,Corviknight,Flying,495,98,87,105,53,85,67,8,FALSE
971,Gigantamax Corviknight,Flying,495,98,87,105,53,85,67,8,FALSE
972,Blipbug,Bug,180,25,20,20,25,45,45,8,FALSE
973,Dottler,Bug,335,50,35,80,50,90,30,8,FALSE
974,Orbeetle,Bug,505,60,45,110,80,120,90,8,FALSE
975,Gigantamax Orbeetle,Bug,505,60,45,110,80,120,90,8,FALSE
976,Nickit,Dark,245,40,28,28,47,52,50,8,FALSE
977,Thievul,Dark,455,70,58,58,87,92,90,8,FALSE
978,Gossifleur,Grass,250,40,40,60,40,60,10,8,FALSE
979,Eldegoss,Graass,460,60,50,90,80,120,60,8,FALSE
980,Wooloo,Normal,270,42,40,55,40,45,48,8,FALSE
981,Dubwool,Normal,490,72,80,100,60,90,88,8,FALSE
982,Chewtle,Water,284,50,64,50,38,38,44,8,FALSE
983,Drednaw,Water,485,90,115,90,48,68,74,8,FALSE
984,Gigantamax Drednaw,Water,485,90,115,90,48,68,74,8,FALSE
985,Yamper,Electric,270,59,45,50,40,50,26,8,FALSE
986,Boltund,Electric,490,69,90,60,90,60,121,8,FALSE
987,Rolycoly,Rock,240,30,40,50,40,50,30,8,FALSE
988,Carkol,Rock,410,80,60,90,60,70,50,8,FALSE
989,Coalossal,Rock,510,110,80,120,80,90,30,8,FALSE
990,Gigantamax Coalossal,Rock,510,110,80,120,80,90,30,8,FALSE
991,Applin,Grass,260,40,40,80,40,40,20,8,FALSE
992,Flapple,Grass,485,70,110,80,95,60,70,8,FALSE
993,Gigantamax Flapple,Grass,485,70,110,80,95,60,70,8,FALSE
994,Appletun,Grass,485,110,85,80,100,80,30,8,FALSE
995,Gigantamax Appletun,Grass,485,110,85,80,100,80,30,8,FALSE
996,Silicobra,Ground,315,52,57,75,35,50,46,8,FALSE
997,Sandaconda,Ground,510,72,107,125,65,70,71,8,FALSE
998,Gigantamax Sandaconda,Ground,510,72,107,125,65,70,71,8,FALSE
999,Cramorant,Flying,475,70,85,55,85,95,85,8,FALSE
1000,Arrokuda,Water,280,41,63,40,40,30,66,8,FALSE
1001,Barraskewda,Water,490,61,123,60,60,50,136,8,FALSE
1002,Toxel,Electric,242,40,38,35,54,35,40,8,FALSE
1003,Toxtricity Amped Forme,Electric,502,75,98,70,114,70,75,8,FALSE
1004,Toxitricity Low Key Forme,Electric,502,75,98,70,114,70,75,8,FALSE
1005,Gigantamax Toxitricity,Electric,502,75,98,70,114,70,75,8,FALSE
1006,Sizzlipede,Fire,305,50,65,45,50,50,45,8,FALSE
1007,Centiskorch,Fire,525,100,115,65,90,90,65,8,FALSE
1008,Gigantamax Centiskorch,Fire,525,100,115,65,90,90,65,8,FALSE
1009,Clobbopus,Fighting,310,50,68,60,50,50,32,8,FALSE
1010,Grapploct,Fighting,480,80,118,90,70,80,42,8,FALSE
1011,Sinistea,Ghost,308,40,45,45,74,54,50,8,FALSE
1012,Polteageist,Ghost,508,60,65,65,134,114,70,8,FALSE
1013,Hatenna,Psychic,265,42,30,45,56,53,39,8,FALSE
1014,Hattrem,Psychic,370,57,40,65,86,73,49,8,FALSE
1015,Hatterene,Psychic,510,57,90,95,136,103,29,8,FALSE
1016,Gigantamax Hatterene,Psychic,510,57,90,95,136,103,29,8,FALSE
1017,Impidimp,Dark,265,45,45,30,55,40,50,8,FALSE
1018,Morgrem,Dark,370,65,60,45,75,55,70,8,FALSE
1019,Grimmsnarl,Dark,510,95,120,65,95,75,60,8,FALSE
1020,Gigantamax Grimmsnarl,Dark,510,95,120,65,95,75,60,8,FALSE
1021,Obstagoon,Dark,520,93,90,101,60,81,95,8,FALSE
1022,Perrserker,Steel,440,70,110,100,50,60,50,8,FALSE
1023,Cursola,Ghost,510,60,95,50,145,130,30,8,FALSE
1024,Sirfetch'd,Fighting,507,62,135,95,68,82,65,8,FALSE
1025,Mr. Rime,Ice,520,80,85,75,110,100,70,8,FALSE
1026,Runerigus,Ground,483,58,95,145,50,105,30,8,FALSE
1027,Milcery,Fairy,270,45,40,40,50,61,34,8,FALSE
1028,Alcremie,Fairy,495,65,60,75,110,121,64,8,FALSE
1029,Gigantamax Alcremie,Fairy,495,65,60,75,110,121,64,8,FALSE
1030,Falinks,Fighting,470,65,100,100,70,60,75,8,FALSE
1031,Pincurchin,Electric,435,48,101,95,91,85,15,8,FALSE
1032,Snom,Ice,185,30,25,35,45,30,20,8,FALSE
1033,Frosmoth,Ice,475,70,65,60,125,90,65,8,FALSE
1034,Stonjourner,Rock,470,100,125,135,20,20,70,8,FALSE
1035,Eiscue Ice Face,Ice,470,75,80,110,65,90,50,8,FALSE
1036,Eiscue Noice Face,Ice,470,75,80,70,65,50,130,8,FALSE
1037,Indeedee Male,Psychic,475,60,65,55,105,95,95,8,FALSE
1038,Indeedee Female,Psychic,475,70,55,65,95,105,85,8,FALSE
1039,Morpeko Full Belly Mode,Electric,436,58,95,58,70,58,97,8,FALSE
1040,Morpeko Hangry Mode,Electric,436,58,95,58,70,58,97,8,FALSE
1041,Cufant,Steel,330,72,80,49,40,49,40,8,FALSE
1042,Copperajah,Steel,500,122,130,69,80,69,30,8,FALSE
1043,Gigantamax Copperajah,Steel,500,122,130,69,80,69,30,8,FALSE
1044,Dracozolt,Electric,505,90,100,90,80,70,75,8,FALSE
1045,Arctozolt,Electric,505,90,100,90,90,80,55,8,FALSE
1046,Dracovish,Water,505,90,90,100,70,80,75,8,FALSE
1047,Arctovish,Water,505,90,90,100,80,90,55,8,FALSE
1048,Duraludon,Steel,535,70,95,115,120,50,85,8,FALSE
1049,Gigantamax Duraludon,Steel,535,70,95,115,120,50,85,8,FALSE
1050,Dreepy,Dragon,270,28,60,30,40,30,82,8,FALSE
1051,Drakloak,Dragon,410,68,80,50,60,50,102,8,FALSE
1052,Dragapult,Dragon,600,88,120,75,100,75,142,8,FALSE
1053,Zacian Hero of Many Battles,Fairy,670,92,130,115,80,115,138,8,TRUE
1054,Zacian Crowned Sword Forme,Fairy,720,92,170,115,80,115,148,8,TRUE
1055,Zamazenta Hero of Many Battles,Fighting,670,92,130,115,80,115,138,8,TRUE
1056,Zamazenta Crowned Sheild Forme,Fighting,720,92,130,145,80,145,128,8,TRUE
1057,Eternatus,Poison,690,140,85,95,145,95,130,8,TRUE
1058,Eternamax Eternatus,Poison,"1,125",255,115,250,125,250,130,8,TRUE
1059,Kubfu,Fighting,385,60,90,60,53,50,72,8,TRUE
1060,Urshifu Single Strike Style,Fighting,550,100,130,100,63,60,97,8,TRUE
1061,Gigantamax Urshifu Single Strike Style,Fighting,550,100,130,100,63,60,97,8,TRUE
1062,Urshifu Rapid Strike Style,Fighting,550,100,130,100,63,60,97,8,TRUE
1063,Gigantamax Urshifu Rapid Strike Style,Fighting,550,100,130,100,63,60,97,8,TRUE
1064,Zarude,Dark,600,105,120,105,70,95,105,8,TRUE
1065,Dada Zarude,Dark,600,105,120,105,70,95,105,8,TRUE
1066,Regieleki,Electric,580,80,100,50,100,50,200,8,TRUE
1067,Regidrago,Dragon,580,200,100,50,100,50,80,8,TRUE
1068,Glastrier,Ice,580,100,145,130,65,110,30,8,TRUE
1069,Spectrier,Ghost,580,100,65,60,145,80,130,8,TRUE
1070,Calyrex,Psychic,500,100,80,80,80,80,80,8,TRUE
1071,Ice Rider Calyrex,Psychic,680,100,165,150,85,130,50,8,TRUE
1072,Shadow Rider Calyrex,Psychic,680,100,85,80,165,100,150,8,TRUE